{
  "weights": {
    "GDP": -0.017465119747016686,
    "能源消费量": 3.4530895026848034,
    "常住人口": -18.797706443017944
  },
  "intercept": 123996.54794421865
}