{
  "碳排放量|碳排放量": 1.0,
  "碳排放量|能源消费量": 0.9727959193449016,
  "能源消费量|碳排放量": 0.9727959193449016,
  "碳排放量|GDP": 0.8719942353121348,
  "GDP|碳排放量": 0.8719942353121348,
  "碳排放量|常住人口": 0.8904643071484056,
  "常住人口|碳排放量": 0.8904643071484056,
  "碳排放量|人均GDP": 0.8699728197003945,
  "人均GDP|碳排放量": 0.8699728197003945,
  "碳排放量|单位GDP能耗": -0.7895254012029564,
  "单位GDP能耗|碳排放量": -0.7895254012029564,
  "碳排放量|单位能耗碳排放": -0.5366324484441769,
  "单位能耗碳排放|碳排放量": -0.5366324484441769,
  "碳排放量|非化石能源比重": 0.7817092481341605,
  "非化石能源比重|碳排放量": 0.7817092481341605,
  "能源消费量|能源消费量": 1.0,
  "能源消费量|GDP": 0.9412120707649663,
  "GDP|能源消费量": 0.9412120707649663,
  "能源消费量|常住人口": 0.9682315809389231,
  "常住人口|能源消费量": 0.9682315809389231,
  "能源消费量|人均GDP": 0.9388262102216732,
  "人均GDP|能源消费量": 0.9388262102216732,
  "能源消费量|单位GDP能耗": -0.8966823359681378,
  "单位GDP能耗|能源消费量": -0.8966823359681378,
  "能源消费量|单位能耗碳排放": -0.7171708740319659,
  "单位能耗碳排放|能源消费量": -0.7171708740319659,
  "能源消费量|非化石能源比重": 0.8274313750784089,
  "非化石能源比重|能源消费量": 0.8274313750784089,
  "GDP|GDP": 1.0,
  "GDP|常住人口": 0.9588028005483703,
  "常住人口|GDP": 0.9588028005483703,
  "GDP|人均GDP": 0.9999459034476149,
  "人均GDP|GDP": 0.9999459034476149,
  "GDP|单位GDP能耗": -0.9819768499924264,
  "单位GDP能耗|GDP": -0.9819768499924264,
  "GDP|单位能耗碳排放": -0.7973581995624848,
  "单位能耗碳排放|GDP": -0.7973581995624848,
  "GDP|非化石能源比重": 0.939914985566136,
  "非化石能源比重|GDP": 0.939914985566136,
  "常住人口|常住人口": 1.0,
  "常住人口|人均GDP": 0.9559365854790561,
  "人均GDP|常住人口": 0.9559365854790561,
  "常住人口|单位GDP能耗": -0.9590033162633684,
  "单位GDP能耗|常住人口": -0.9590033162633684,
  "常住人口|单位能耗碳排放": -0.8519893690344178,
  "单位能耗碳排放|常住人口": -0.8519893690344178,
  "常住人口|非化石能源比重": 0.8290031319569438,
  "非化石能源比重|常住人口": 0.8290031319569438,
  "人均GDP|人均GDP": 1.0,
  "人均GDP|单位GDP能耗": -0.9814009782317954,
  "单位GDP能耗|人均GDP": -0.9814009782317954,
  "人均GDP|单位能耗碳排放": -0.7944040420895706,
  "单位能耗碳排放|人均GDP": -0.7944040420895706,
  "人均GDP|非化石能源比重": 0.9424849289271652,
  "非化石能源比重|人均GDP": 0.9424849289271652,
  "单位GDP能耗|单位GDP能耗": 1.0,
  "单位GDP能耗|单位能耗碳排放": 0.8859244885406653,
  "单位能耗碳排放|单位GDP能耗": 0.8859244885406653,
  "单位GDP能耗|非化石能源比重": -0.9021779393574776,
  "非化石能源比重|单位GDP能耗": -0.9021779393574776,
  "单位能耗碳排放|单位能耗碳排放": 1.0,
  "单位能耗碳排放|非化石能源比重": -0.6481022564157234,
  "非化石能源比重|单位能耗碳排放": -0.6481022564157234,
  "非化石能源比重|非化石能源比重": 1.0
}