{
  "energy_intensity_reduction": -0.04350982916499989,
  "carbon_intensity_reduction": 0.0030353257545780625,
  "non_fossil_share_increase": 0.13345572550284865,
  "gdp_growth": 0.06240823047651702,
  "population_growth": 0.00387298127801817
}