{
  "years": [
    2010,
    2011,
    2012,
    2013,
    2014,
    2015,
    2016,
    2017,
    2018,
    2019,
    2020
  ],
  "population": [
    7869.34,
    8022.99,
    8119.81,
    8192.44,
    8281.09,
    8315.11,
    8381.47,
    8423.5,
    8446.19,
    8469.09,
    8477.26
  ],
  "gdp": [
    41383.87,
    45952.65,
    50660.2,
    55580.11,
    60359.43,
    65552.0,
    70665.70682889131,
    75752.20149228282,
    80827.71193471196,
    85556.13387405091,
    88683.21462873337
  ],
  "energy_total": [
    23539.31443129946,
    26860.02581166237,
    27999.218108462737,
    28203.10427488671,
    28170.50576467711,
    29033.608068382076,
    29947.976618213484,
    30669.88645673547,
    31373.12664914354,
    32227.505385373526,
    31437.9975544481
  ],
  "carbon_total": [
    56360.05184168685,
    65193.34222667957,
    67502.61337451234,
    66749.3756967212,
    64853.27604008003,
    66074.80995111723,
    68526.12467222117,
    70451.55739265206,
    71502.00285998797,
    74096.33108090873,
    72633.32425204059
  ],
  "per_capita_gdp": [
    5.258874314745582,
    5.727621497720925,
    6.239086875185502,
    6.784317004457768,
    7.288826712425538,
    7.8834795931743535,
    8.431182934364893,
    8.992960348107417,
    9.569724566308826,
    10.102163735897353,
    10.461306439667224
  ],
  "energy_intensity": [
    0.568804087952612,
    0.5845152741280942,
    0.5526866871520985,
    0.5074316023283637,
    0.4667125876549382,
    0.4429095690197412,
    0.42379787823716225,
    0.40487122291567895,
    0.3881481474384055,
    0.3766825816699052,
    0.35449772187511774
  ],
  "carbon_intensity": [
    2.394294532501198,
    2.4271511384167486,
    2.4108749434724297,
    2.36673860601075,
    2.302169388857736,
    2.2758042953357025,
    2.288172104106211,
    2.297092214281089,
    2.2790843787939736,
    2.299164337880691,
    2.3103673866710333
  ],
  "non_fossil_share": [
    0.01700937501159188,
    0.015804855094096033,
    0.018029996484369128,
    0.019577852781086678,
    0.024350552666347107,
    0.0226784851068744,
    0.023122567580587998,
    0.02731452927839623,
    0.03423662913546508,
    0.03875390761368042,
    0.0418944903768719
  ],
  "sector_carbon": {
    "能源供应部门": [
      28751.759502818095,
      34846.97580118139,
      36150.177690824654,
      36428.90228727575,
      32216.389243164558,
      34594.819006220976,
      36233.83457150327,
      35850.949026725575,
      36498.86380300536,
      35850.92843634563,
      35316.53739098441
    ],
    "工业消费部门": [
      45225.69679554927,
      52975.78687505597,
      54048.28158503061,
      52229.0841704939,
      51187.98000704017,
      51101.87343667968,
      52382.22379084658,
      52975.84927377817,
      52506.880574390576,
      54235.438968543625,
      52954.048904608426
    ],
    "建筑消费部门": [
      2830.2536116558204,
      3304.2641151458956,
      3586.04494172352,
      3944.3166212843935,
      3518.7246149419207,
      3916.457539435093,
      4244.721555480789,
      4697.9092130282625,
      5296.948285692341,
      5701.305769648979,
      5449.19110027337
    ],
    "交通消费部门": [
      3068.030573682189,
      3280.2923248304824,
      3561.729528961315,
      3847.155716040659,
      4157.352168260081,
      4398.073048005951,
      4556.294269487781,
      4826.105743764116,
      5125.165090354917,
      5449.6513625385505,
      5456.836404061471
    ],
    "居民生活消费": [
      4340.001163349598,
      4601.822459829451,
      5141.282313302862,
      5721.3414700163485,
      4968.366500182108,
      5495.893932215866,
      6131.851477401575,
      6706.673988567394,
      7277.521667725064,
      7431.550805958135,
      7534.488798373939
    ],
    "农林消费部门": [
      896.0696974499709,
      1031.1764518177638,
      1165.2750054940325,
      1007.477718885893,
      1020.8527496557513,
      1162.511994780655,
      1211.0335790044437,
      1245.0191735141257,
      1295.4872418250718,
      1278.3841742194377,
      1238.7590447233804
    ]
  }
}