{
  "2010-2015": {
    "population": 3365.9986146957413,
    "gdp_per_capita": 24731.923128934828,
    "energy_intensity": -15282.59822354023,
    "carbon_intensity": -3100.565410659922,
    "total_change": 9714.758109430382,
    "aagr": 0.03231659227428607
  },
  "2015-2020": {
    "population": 1338.4323558155606,
    "gdp_per_capita": 19606.603573286768,
    "energy_intensity": -15431.11787975063,
    "carbon_intensity": 1044.5962515716437,
    "total_change": 6558.514300923358,
    "aagr": 0.01910750463202482
  }
}